Category,Title,Description,URL
측정,"반복 측정용 알람 시계","정해진 분(分) 간격마다 알람이 울리도록 할 수 있습니다. 과학실에서 일정 시간 간격으로 측정을 할 때 편리합니다. 측정 회수에 따른 시간을 쉽게 알 수 있습니다.",https://javalab.org/ko/clock/
측정,"마이크로비트 무선 심박센서","마이크로비트로 분당 심박수를 측정할 수 있습니다. 호환되는 심박센서는 SEN-11574 또는 호환품입니다. 정확한 측정을 위해 연결되는 포트를 설정해 주세요. P1 포트를 권장합니다.",https://javalab.org/ko/microbit_pulse/
측정,"동영상 운동 분석 (다중섬광사진, 스트로보스코프)","이 앱은 동영상으로 촬영한 물체의 운동을 다중섬광사진으로 변환하는 웹 기반 소프트웨어입니다. Motion Shot(모션샷), Tracker(트랙터)를 대신하는 무료 소프트웨어입니다",https://javalab.org/ko/stroboscope/
측정,"부력 비교 실험","부력을 이해하는데 있어서 잠긴 부피가 왜 중요할까요? 서기 3세기 그리스의 철학자 아르키메데스가 '유레카!'라고 외치며 목욕탕을 알몸으로 뛰쳐나간 이야기는 너무나 유명하여 잘 알려져 있습니다.",https://javalab.org/ko/buoyancy_comparison/
측정,"동영상 운동 분석 (화면 포인팅)","이 앱은 동영상으로 촬영한 물체의 운동을 프레임 단위로 분석하는 웹 기반 소프트웨어입니다. Motion Shot(모션샷) 앱입니다.",https://javalab.org/ko/motion_shot/
측정,"도르래에 매달린 물체의 운동","도르래에 매달린 물체의 운동을 시뮬레이션합니다. 마찰이 없는 고정 도르래에 두 물체가 줄로 연결되어 함께 운동하고 있습니다.",https://javalab.org/ko/pulley_3/
측정,"패턴 측정 (이미지 내 특정 패턴의 길이 측정 앱)","이 앱은 이미지에서 나타나는 특정 패턴의 길이를 측정할 수 있는 앱입니다.(예: 이중슬릿 패턴) 직접 촬영한 이미지를 업로드해서 분석할 수 있습니다.",https://javalab.org/ko/pattern_measure/
측정,"사운드 분석 (메인 진동수 찾기, 도플러 효과 측정 가능)","우리 주변의 소리중 가장 주(메인)가 되는 음파의 진동수는 얼마일까요? 시뮬레이션이 마이크 접근을 요청하면 허가해 주세요.",https://javalab.org/ko/sound_analyzing/
측정,"마이크로비트 축전기(커패시터)의 충·방전 곡선 관찰 / 충전 시간 측정","커패시터(축전기)의 충전과 방전을 관찰합니다. 커패시터는 전기 에너지를 전기장의 형태로 저장하는 부품입니다.",https://javalab.org/ko/microbit_capacitor/
측정,"마이크로비트 무선 전압계 (모듈 없이 직접 연결, 3.3V max)","0 ~ 3.3 V 사이의 전압을 정확하게 측정할 수 있습니다. 마이크로비트에 4.5V 전지 또는 USB 전원을 연결하세요.",https://javalab.org/ko/microbit_volt/
측정,"Javalab MBL 프레임","Javalab MBL (마이크로비트 무선 MBL 시스템)을 편리하게 사용하기 위한 플라스틱 프레임을 출력했습니다.",https://javalab.org/ko/javalab_mbl_frame/
측정,"부력 실험","비커에 담긴 유체는 물이며, 밀도는 1 g/mL로 가정합니다. 물체의 부피는 100 mL로 가정합니다. 구명조끼를 입으면 우리 몸이 물속으로 가라앉지 않고 물 위에 떠 있습니다.",https://javalab.org/ko/buoyancy/
전기와 자기,"코일 주위의 자기장 (WEBGL 버전)","전류가 만드는 자기장입니다. 자기장은 자석 주위에만 생기는 것이 아니라 전류가 흐르는 도선 주위에도 생깁니다.",https://javalab.org/ko/oersteds_3d/
전기와 자기,"자석(or 지구) 주위의 자기장","자석 주위의 자기장을 시각화합니다. 자석 주위에는 자기력이 작용하는데, 자석의 자기력이 작용하는 공간을 자기장이라고 합니다.",https://javalab.org/ko/magnet/
전기와 자기,"태양풍과 오로라","태양에서 방출되는 전기를 띤 입자들과 지구의 자기장 상호작용을 시뮬레이션합니다.",https://javalab.org/ko/solar_wind/
전기와 자기,"스텝-다운, 스텝-업 레귤레이터 회로의 기본 원리 (DC-DC 컨버터, 직류 변압기)","DC-DC 컨버터의 작동 원리를 설명합니다. 스텝-업 및 스텝-다운 회로는 입력 전압을 원하는 출력 전압으로 변환합니다.",https://javalab.org/ko/step_response/
전기와 자기,"전자기력, 로렌츠 힘","자기장에서 전류가 흐르는 도선이 받는 힘의 방향을 보여줍니다. 도선이 받는 힘의 방향은 오른손 법칙으로 결정됩니다.",https://javalab.org/ko/lorentzs_force/
전기와 자기,"강자성체의 자화","물질의 자성을 설명합니다. 강자성 물질에서는 원자 하나 하나가 자석과 같은 성질을 가지고 있습니다.",https://javalab.org/ko/magnetization/
전기와 자기,"자석과 전자석","자석과 전자석의 차이를 설명하는 시뮬레이션입니다.",https://javalab.org/ko/magnet_and_electromagnet/
전기와 자기,"자기력","자기를 띠는 두 물체 사이에 작용하는 힘을 보여줍니다. 자기력은 잡아당기는 힘 뿐만 아니라 밀어내는 힘도 있습니다.",https://javalab.org/ko/magnetic_force/
전기와 자기,"같은 회로","전기 회로에서 전압이 발생하는 원리를 설명합니다.",https://javalab.org/ko/same_circuit/
전기와 자기,"라이덴 (Leyden) 병","18세기에 만들어진 정전기를 저장하기 위한 도구(축전기)의 작동 원리를 보여줍니다.",https://javalab.org/ko/leyden_jar/
전기와 자기,"가변저항","저항값을 마음대로 조절할 수 있는 전자부품을 설명합니다.",https://javalab.org/ko/potentiometer/
