Repository,Category/Path,Item_Name,Estimated_Genre,Description_or_Keywords
phaserjs/examples,actions,Phaser actions,2D Game/Arcade,"Phaser.js actions examples collection"
phaserjs/examples,animation,Phaser animation,2D Game/Arcade,"Phaser.js animation examples collection"
phaserjs/examples,audio,Phaser audio,2D Game/Arcade,"Phaser.js audio examples collection"
phaserjs/examples,bugs,Phaser bugs,2D Game/Arcade,"Phaser.js bugs examples collection"
phaserjs/examples,cache,Phaser cache,2D Game/Arcade,"Phaser.js cache examples collection"
phaserjs/examples,camera,Phaser camera,2D Game/Arcade,"Phaser.js camera examples collection"
phaserjs/examples,components,Phaser components,2D Game/Arcade,"Phaser.js components examples collection"
phaserjs/examples,demoscene,Phaser demoscene,2D Game/Arcade,"Phaser.js demoscene examples collection"
phaserjs/examples,depth sorting,Phaser depth sorting,2D Game/Arcade,"Phaser.js depth sorting examples collection"
phaserjs/examples,display,Phaser display,2D Game/Arcade,"Phaser.js display examples collection"
phaserjs/examples,events,Phaser events,2D Game/Arcade,"Phaser.js events examples collection"
phaserjs/examples,filters,Phaser filters,2D Game/Arcade,"Phaser.js filters examples collection"
phaserjs/examples,game config,Phaser game config,2D Game/Arcade,"Phaser.js game config examples collection"
phaserjs/examples,game objects,Phaser game objects,2D Game/Arcade,"Phaser.js game objects examples collection"
phaserjs/examples,games,Phaser games,2D Game/Arcade,"Phaser.js games examples collection"
pmndrs/react-three-examples,examples,docs,3D Interactive,"React Three Fiber - docs"
pmndrs/react-three-examples,examples,eslint-rules,3D Interactive,"React Three Fiber - eslint-rules"
pmndrs/react-three-examples,examples,public,3D Interactive,"React Three Fiber - public"
pmndrs/react-three-examples,examples,research,3D Interactive,"React Three Fiber - research"
pmndrs/react-three-examples,examples,scripts,3D Interactive,"React Three Fiber - scripts"
pmndrs/react-three-examples,examples,src,3D Interactive,"React Three Fiber - src"
pmndrs/react-three-examples,examples,tests,3D Interactive,"React Three Fiber - tests"
phaserjs/examples,games,asteroids,2D Game,"Classic asteroids shooter game"
phaserjs/examples,games,breakout,2D Game,"Brick breaker puzzle game"
phaserjs/examples,games,flappy_bird,2D Game,"Flappy bird clone"
phaserjs/examples,games,snake,2D Game,"Snake game mechanics"
mrdoob/three.js,webgl,cloth_simulation,3D Physics,"Cloth physics with constraints"
mrdoob/three.js,webgl,particle_system,Particles,"Advanced particle effects"
mrdoob/three.js,webgl,fluid_dynamics,3D Physics,"Fluid simulation system"
mrdoob/three.js,webgl,ocean_waves,Water Simulation,"Procedural ocean rendering"
pmndrs/react-three-examples,showcases,fluid_simulation,3D Physics,"Real-time fluid dynamics R3F"
pmndrs/react-three-examples,showcases,procedural_planets,3D Graphics,"Procedurally generated planets R3F"
pmndrs/react-three-examples,showcases,neural_network_viz,Data Viz,"Neural network visualization"
pmndrs/react-three-examples,showcases,volumetric_rendering,3D Graphics,"Volumetric effects rendering"